Brenden Aaronson,20,Philadelphia Union,Midfielder,"Medford, NJ",4
Saad Abdul-Salaam,29,FC Cincinnati,Defender,"Gahanna, OH",13
Mohammed Abu,29,D.C. United,Midfielder,"Namasi, Ghana, International",13
Lalas Abubakar,25,Colorado Rapids,Defender,"Accra, Ghana, International",9
David Accam,30,Nashville SC,Forward,"Accra, Ghana, International",14
Nicolas Acevedo,21,New York City FC,Midfielder,"Montevideo, Uruguay, International",5
Achara,23,Toronto FC,Midfielder,"Enugu, Nigeria, International",7
Danilo Acosta,23,LA Galaxy,Defender,"Sandy, UT",7
George Acosta,20,Inter Miami CF,Midfielder,"Sandy, UT",4
Kellyn Acosta,25,Colorado Rapids,Midfielder,"Plano, TX",9
Bryan Acosta,27,FC Dallas,Midfielder,"La Ceiba, Honduras, International",11
Mo Adams,24,Atlanta United FC,Midfielder,"Nottingham, England, International",8
Kyle Adams,24,Houston Dynamo FC,Defender,"Aukland, New Zealand, International",8
Fanendo Adi,30,Columbus Crew SC,Forward,"Lagos, Nigeria, International",14
Ali Adnan,26,Vancouver Whitecaps FC,Defender,"Baghdad, Iraq, International",10
Harrison Afful,34,Columbus Crew SC,Defender,"Senya Breku, Ghana, International",18
Juan Agudelo,28,Inter Miami CF,Forward,"Senya Breku, Ghana, International",12
Matheus Aias,23,Orlando City SC,Forward,"Palmares Paulista, Brazil, International",7
Jose Aja,27,Minnesota United FC,Defender,"Palmares Paulista, Brazil, International",11
Jacob Akanyirige,18,San Jose Earthquakes,Defender,"Pleasanton, CA",2
Tesho Akindele,28,Orlando City SC,Forward,"Thornton, CO",12
Ayo Akinola,20,Toronto FC,Forward,"Brampton, ON",4
Oswaldo Alanis,31,San Jose Earthquakes,Defender,"Morelia, Mexico, International",15
Fatai Alashe,27,Columbus Crew SC,Midfielder,"Northville, MI",11
Ignacio Aliseda,20,Chicago Fire FC,Midfielder,"Buenos Aires, Argentina, International",4
Nani,34,Orlando City SC,Midfielder,"Amadora, Portugal, International",18
Osvaldo Alonso,35,Minnesota United FC,Midfielder,"San Cristobal, Cuba, International",19
Jozy Altidore,31,Toronto FC,Forward,"Boca Raton, FL",15
Alexander Alvarado,21,Orlando City SC,Forward,"Quevedo, Ecuador, International",5
Efrain Alvarez,18,LA Galaxy,Midfielder,"Quevedo, Ecuador, International",2
Luis Amarilla,25,Minnesota United FC,Forward,"Areguá, Paraguay, International",9
Frankie Amaya,20,FC Cincinnati,Midfielder,"Santa Ana, CA",4
Mikey Ambrose,27,Inter Miami CF,Defender,"El Paso, TX",11
Sebastian Anderson,18,Colorado Rapids,Defender,"Highlands Ranch, CO",2
Isaac Angking,20,New England Revolution,Midfielder,"Providence, RI",4
Jalil Anibaba,32,Nashville SC,Defender,"Davis, CA",16
Tah Brian Anunga,24,Nashville SC,Midfielder,"Yaounde, Cameroon, International",8
Julian Araujo,19,LA Galaxy,Defender,"Lompoc, CA",3
Heber,29,New York City FC,Forward,"Colorado de Oeste, Brazil, International",13
Xavier Arreaga,26,Seattle Sounders FC,Defender,"Guayaquil, Ecuador, International",10
Luis Arriaga,19,Real Salt Lake,Midfielder,"Santa Rosa, CA",3
Paul Arriola,25,D.C. United,Midfielder,"Santa Rosa, CA",9
Yamil Asad,26,D.C. United,Midfielder,"Santa Rosa, CA",10
Dairon Asprilla,28,Portland Timbers,Midfielder,"Santa Rosa, CA",12
Josh Atencio,18,Seattle Sounders FC,Midfielder,"Bellevue, WA",2
Jeff Attinella,32,Portland Timbers,Goalkeeper,"Bellevue, WA",16
Francis Atuahene,24,FC Dallas,Forward,"Accra, Ghana, International",8
Eduard Atuesta,23,Los Angeles Football Club,Midfielder,"Velez, Colombia, International",7
Carlos Avilez,21,FC Dallas,Goalkeeper,"Dallas, TX",5
Dominique Badji,28,Nashville SC,Forward,"Dallas, TX",12
Zico Bailey,20,FC Cincinnati,Defender,"Henderson, NV",4
Theo Bair,21,Vancouver Whitecaps FC,Forward,"Ottawa, ON",5
Corey Baird,24,Real Salt Lake,Forward,"Escondido, CA",8
Mateo Bajamich,21,Houston Dynamo FC,Forward,"Morrison, Argentina, International",5
Michael Baldisimo,20,Vancouver Whitecaps FC,Midfielder,"Burnaby, BC",4
Robinho,25,Orlando City SC,Midfielder,"Madalena, Brazil, International",9
Ezequiel Barco,21,Atlanta United FC,Midfielder,"Madalena, Brazil, International",5
Tom Barlow,25,New York Red Bulls,Forward,"St. Louis, MO",9
Luis Barraza,24,New York City FC,Goalkeeper,"El Paso, TX",8
Alvaro Barreal,20,FC Cincinnati,Midfielder,"Buenos Aires, Argentina, International",4
Michael Barrios,29,FC Dallas,Midfielder,"Barranquilla, Colombia, International",13
Cole Bassett,19,Colorado Rapids,Midfielder,"Littleton, CO",3
Clement Bayiha,21,Montreal Impact,Midfielder,"Saint-Therese, QC",5
Tanner Beason,23,San Jose Earthquakes,Defender,"Winston-Salem, NC",7
Brayan Beckeles,35,Nashville SC,Defender,"La Ceiba, Honduras, International",19
Kyle Beckerman,38,Real Salt Lake,Midfielder,"Crofton, MD",22
Alejandro Bedoya,33,Philadelphia Union,Midfielder,"Crofton, MD",17
Steven Beitashour,33,Colorado Rapids,Defender,"Crofton, MD",17
George Bello,18,Atlanta United FC,Defender,"Douglasville, GA",2
Jordan Bender,19,Orlando City SC,Midfielder,"Lake Mary, FL",3
Joe Bendik,31,Philadelphia Union,Goalkeeper,"Marietta, GA",15
Nicolas Benezet,29,Colorado Rapids,Midfielder,"Marietta, GA",13
Sebastian Berhalter,19,Columbus Crew SC,Midfielder,"Westerville, OH",3
Robert Beric,29,Chicago Fire FC,Forward,"Krsko, Slovenia, International",13
Miguel Berry,23,Columbus Crew SC,Forward,"Poway, CA",7
Matt Bersano,28,San Jose Earthquakes,Goalkeeper,"Tempe, AZ",12
Nick Besler,27,Real Salt Lake,Midfielder,"Overland Park, KS",11
Matt Besler,33,Sporting Kansas City,Defender,"Overland Park, KS",17
Janio Bikel,25,Vancouver Whitecaps FC,Midfielder,"Bissau, Guinea-Bissau, International",9
Everton Luiz,32,Real Salt Lake,Midfielder,"Bissau, Guinea-Bissau, International",16
Noah Billingsley,23,Minnesota United FC,Defender,"Wellington, New Zealand, International",7
David Bingham,31,LA Galaxy,Goalkeeper,"Pleasanton, CA",15
Luis Binks,19,Montreal Impact,Defender,"Pleasanton, CA",3
Steven Birnbaum,29,D.C. United,Defender,"Irvine, CA",13
Jose Bizama,26,Houston Dynamo FC,Defender,"Curanilahue, Chile, International",10
Tristan Blackmon,24,Los Angeles Football Club,Defender,"Las Vegas, NV",8
Andre Blake,30,Philadelphia Union,Goalkeeper,"May Pen, Jamaica, International",14
Sebastian Blanco,32,Portland Timbers,Midfielder,"May Pen, Jamaica, International",16
Latif Blessing,23,Los Angeles Football Club,Midfielder,"Accra, Ghana, International",7
Emmanuel Boateng,26,Columbus Crew SC,Midfielder,"Accra, Ghana, International",10
Blake Bodily,22,Portland Timbers,Midfielder,"Accra, Ghana, International",6
Isaac Boehmer,19,Vancouver Whitecaps FC,Goalkeeper,"Okanagan Falls, BC",3
Pablo Bonilla,21,Portland Timbers,Defender,"Okanagan Falls, BC",5
Alex Bono,26,Toronto FC,Goalkeeper,"Baldwinsville, NY",10
Jonathan Bornstein,36,Chicago Fire FC,Defender,"Los Alamitos, CA",20
Gustavo Bou,30,New England Revolution,Forward,"Concordia, Argentina, International",14
Michael Boxall,32,Minnesota United FC,Defender,"Auckland, New Zealand, International",16
Michael Bradley,33,Toronto FC,Midfielder,"Auckland, New Zealand, International",17
Chris Brady,16,Chicago Fire FC,Goalkeeper,"Auckland, New Zealand, International",0
Zachary Brault-Guillard,21,Montreal Impact,Defender,"Lyon, France, International",5
Bressan,27,FC Dallas,Defender,"Caxias do Sul, Brazil, International",11
Frederic Brillant,35,D.C. United,Defender,"Sedan, France, International",19
Brandt Bronico,25,Chicago Fire FC,Midfielder,"Sedan, France, International",9
Will Bruin,31,Seattle Sounders FC,Forward,"St. Louis, MT",15
Tajon Buchanan,21,New England Revolution,Forward,"Brampton, ON",5
Adam Buksa,24,New England Revolution,Forward,"Krakow, Poland, International",8
Teal Bunbury,30,New England Revolution,Forward,"Prior Lake, MN",14
Nkosi Burgess,23,FC Dallas,Defender,"Manhattan, NY",7
Cory Burke,28,Philadelphia Union,Forward,"Kingston, Jamaica, International",12
Evan Bush,34,Vancouver Whitecaps FC,Goalkeeper,"Concord Township, OH",18
Gianluca Busio,18,Sporting Kansas City,Midfielder,"Greensboro, NC",2
Alexander Buttner,31,New England Revolution,Defender,"Doetinchem, Netherlands, International",15
Handwalla Bwana,21,Nashville SC,Midfielder,"Seattle, WA",5
Brandon Bye,25,New England Revolution,Defender,"Portage, MI",9
Victor Cabrera,27,Houston Dynamo FC,Defender,"Lules, Argentina, International",11
Chris Cadden,24,Columbus Crew SC,Defender,"Bellshill, Scotland, International",8
Jhonder Cadiz,25,Nashville SC,Forward,"Caracas, Venezuela, International",9
Luis Alberto Caicedo,24,New England Revolution,Midfielder,"Apartadó, Colombia, International",8
Scott Caldwell,29,New England Revolution,Midfielder,"Braintree, MA",13
Jeff Caldwell,24,New England Revolution,Goalkeeper,"Todd, NC",8
Drake Callender,23,Inter Miami CF,Goalkeeper,"Todd, NC",7
Alexander Callens,28,New York City FC,Defender,"Callao, Peru, International",12
Eric Calvillo,22,San Jose Earthquakes,Midfielder,"Palmdale, CA",6
Francisco Calvo,28,Chicago Fire FC,Defender,"Palmdale, CA",12
Rudy Camacho,29,Montreal Impact,Defender,"L'Arbresle, France, International",13
George Campbell,19,Atlanta United FC,Defender,"Atlanta, GA",3
Russell Canouse,25,D.C. United,Midfielder,"Atlanta, GA",9
Andrew Carleton,20,Atlanta United FC,Forward,"Powder Springs, GA",4
Julian Carranza,20,Inter Miami CF,Forward,"Oncativo, Argentina, International",4
Javier Casas,17,Chicago Fire FC,Midfielder,"Addison, IL",1
Julio Cascante,27,Portland Timbers,Defender,"Addison, IL",11
Cristian Casseres Jr.,20,New York Red Bulls,Midfielder,"Addison, IL",4
Valentin Castellanos,22,New York City FC,Forward,"Addison, IL",6
Edgar Castillo,34,Atlanta United FC,Defender,"Las Cruces, NM",18
Manuel Castro,25,Atlanta United FC,Midfielder,"Las Cruces, NM",9
Lucas Cavallini,27,Vancouver Whitecaps FC,Forward,"Mississauga, ON",11
Emanuel Cecchini,23,Seattle Sounders FC,Midfielder,"Ingeniero Huergo, Argentina, International",7
Darwin Ceren,30,Houston Dynamo FC,Midfielder,"Quezaltepeque, El Salvador, International",14
Edwin Cerrillo,20,FC Dallas,Midfielder,"Frisco, TX",4
Thomas Chacon,20,Minnesota United FC,Midfielder,"Palmitas, Uruguay, International",4
Maikel Chang,29,Real Salt Lake,Midfielder,"Havana, Cuba, International",13
Maxime Chanot,31,New York City FC,Defender,"Nancy, Fance, International",15
Jay Chapman,26,Inter Miami CF,Midfielder,"Toronto, ON",10
Diego Chara,34,Portland Timbers,Midfielder,"Cali, Colombia, International",18
Yimmi Chara,29,Portland Timbers,Midfielder,"Cali, Colombia, International",13
Justin Che,17,FC Dallas,Defender,"Frisco, TX",1
Mathieu Choiniere,21,Montreal Impact,Midfielder,"Saint-Alexandre, QC",5
Jose Cifuentes,21,Los Angeles Football Club,Midfielder,"Saint-Alexandre, QC",5
Laurent Ciman,35,Toronto FC,Defender,"Liège, Belgium, International",19
Caden Clark,17,New York Red Bulls,Midfielder,"Medina, MN",1
Steve Clark,34,Portland Timbers,Goalkeeper,"Medina, MN",18
Stefan Cleveland,26,Seattle Sounders FC,Goalkeeper,"Dayton, OH",10
CJ Cochran,29,Nashville SC,Goalkeeper,"Alpharetta, GA",13
Elliot Collier,25,Chicago Fire FC,Forward,"Hamilton, New Zealand, International",9
Aurelien Collin,34,Philadelphia Union,Defender,"Hamilton, New Zealand, International",18
Josue Colman,22,Orlando City SC,Midfielder,"Asuncion, Paraguay, International",6
Simon Colyn,18,Vancouver Whitecaps FC,Midfielder,"Langley, BC",2
Tomas Conechny,22,Portland Timbers,Midfielder,"Langley, BC",6
Derek Cornelius,23,Vancouver Whitecaps FC,Defender,"Ajax, ON",7
Joe Corona,30,LA Galaxy,Midfielder,"Ajax, ON",14
Jorge Corrales,29,Montreal Impact,Defender,"Pinar del Rio, Cuba, International",13
Cade Cowell,17,San Jose Earthquakes,Forward,"Ceres, CA",1
Warren Creavalle,30,Philadelphia Union,Midfielder,"Acworth, GA",14
Maxime Crepeau,26,Vancouver Whitecaps FC,Goalkeeper,"Candiac, QC",10
Cody Cropper,27,Houston Dynamo FC,Goalkeeper,"Maple Grove, MN",11
Allan Cruz,24,FC Cincinnati,Midfielder,"Nicoya, Costa Rica, International",8
Emil Cuello,23,LA Galaxy,Midfielder,"Orem, UT",7
Antonio Carlos,27,Orlando City SC,Defender,"Orem, UT",11
Auro,24,Toronto FC,Defender,"Orem, UT",8
Cristian Dajome,26,Vancouver Whitecaps FC,Midfielder,"Bogota, Colombia, International",10
Jurgen Damm,28,Atlanta United FC,Midfielder,"Bogota, Colombia, International",12
Abu Danladi,25,Nashville SC,Forward,"Takoradi, Ghana, International",9
Sean Davis,27,New York Red Bulls,Midfielder,"Holmdel, NJ",11
Junior Urso,31,Orlando City SC,Midfielder,"Taboão da Serra, Brazil, International",15
Alex De John,29,Orlando City SC,Defender,"Taboão da Serra, Brazil, International",13
Artur,24,Columbus Crew SC,Midfielder,"Salvador, Brazil, International",8
Jack de Vries,18,Philadelphia Union,Midfielder,"Brussels, Belgium, International",2
A.J. DeLaGarza,33,Inter Miami CF,Defender,"Bryans Road, MD",17
Antonio Mlinar Delamea,29,New England Revolution,Defender,"Celje, Slovenia, International",13
Jordy Delem,27,Seattle Sounders FC,Midfielder,"Fort-de-France, Martinique, International",11
Nick DeLeon,30,Toronto FC,Midfielder,"Phoenix, AZ",14
Marky Delgado,25,Toronto FC,Midfielder,"Phoenix, AZ",9
Nick DePuy,26,LA Galaxy,Defender,"Irvine, CA",10
Joey DeZart,22,Orlando City SC,Midfielder,"Jackson, NJ",6
Justin Dhillon,25,Seattle Sounders FC,Forward,"Rancho Santa Margarita, CA",9
Amadou Dia,27,Sporting Kansas City,Defender,"Highlands Ranch, CO",11
Luis Diaz,21,Columbus Crew SC,Midfielder,"Nicoya, Costa Rica, International",5
Bakaye Dibassy,31,Minnesota United FC,Defender,"Paris, France, International",15
Eric Dick,26,Sporting Kansas City,Goalkeeper,"Carmel, IN",10
Tanner Dieterich,22,Nashville SC,Midfielder,"Nashville, TN",6
Daryl Dike,20,Orlando City SC,Forward,"Edmond, OK",4
Clement Diop,27,Montreal Impact,Goalkeeper,"Paris, France, International",11
Ethan Dobbelaere,18,Seattle Sounders FC,Midfielder,"Seattle, WA",2
Griffin Dorsey,21,Toronto FC,Midfielder,"Evergreen, CO",5
Jonathan dos Santos,30,LA Galaxy,Midfielder,"Evergreen, CO",14
Hassani Dotson,23,Minnesota United FC,Midfielder,"Federal Way, WA",7
Erik Dueñas,16,Los Angeles Football Club,Defender,"Federal Way, WA",0
Cameron Duke,19,Sporting Kansas City,Midfielder,"Overland Park, KS",3
Bryce Duke,19,Los Angeles Football Club,Midfielder,"Overland Park, KS",3
Cameron Dunbar,18,LA Galaxy,Midfielder,"Carson, CA",2
Kyle Duncan,23,New York Red Bulls,Defender,"Brooklyn, NY",7
Julian Dunn,20,Toronto FC,Defender,"Brooklyn, NY",4
Chris Duvall,29,Portland Timbers,Defender,"Duluth, GA",13
Dom Dwyer,30,Orlando City SC,Forward,"London, England, International",14
Jeremy Ebobisse,23,Portland Timbers,Forward,"London, England, International",7
Raheem Edwards,25,Minnesota United FC,Midfielder,"Mississauga, ON",9
Earl Edwards Jr.,28,D.C. United,Goalkeeper,"San Diego, CA",12
Mandela Egbo,23,New York Red Bulls,Defender,"Brent, England, International",7
Phillip Ejimadu,21,Los Angeles Football Club,Goalkeeper,"Brent, England, International",5
Mohamed El-Munir,28,Los Angeles Football Club,Defender,"Brent, England, International",12
Jack Elliott,25,Philadelphia Union,Defender,"London, England, International",9
Fred Emmings,16,Minnesota United FC,Goalkeeper,"Saint Paul, MN",0
Tsubasa Endoh,27,Toronto FC,Midfielder,"Saint Paul, MN",11
Franco Escobar,25,Atlanta United FC,Defender,"Rosario, Argentina, International",9
Roger Espinoza,34,Sporting Kansas City,Midfielder,"Aurora, CO",18
Cristian Espinoza,25,San Jose Earthquakes,Midfielder,"Buenos Aires, Argentina, International",9
Derrick Etienne Jr.,24,Columbus Crew SC,Midfielder,"Paterson, NJ",8
Gianfranco Facchineri,18,Vancouver Whitecaps FC,Defender,"Windsor, ON",2
Diego Fagundez,25,New England Revolution,Midfielder,"Windsor, ON",9
Rod Fanni,38,Montreal Impact,Defender,"Windsor, ON",22
Marco Farfan,22,Portland Timbers,Defender,"Windsor, ON",6
Andrew Farrell,28,New England Revolution,Defender,"Louisville, KY",12
Luis Felipe,24,San Jose Earthquakes,Midfielder,"Mineola, NY",8
Rolf Feltscher,30,LA Galaxy,Defender,"Bülach, Switzerland, International",14
Keesean Ferdinand,17,Montreal Impact,Defender,"Rivière-des-Prairies, QC",1
Marcus Ferkranus,17,LA Galaxy,Forward,"Rivière-des-Prairies, QC",1
Gerso Fernandes,29,Sporting Kansas City,Forward,"Bissau, Guinea-Bissau, International",13
Omir Fernandez,21,New York Red Bulls,Midfielder,"Bronx, NY",5
Jesus Ferreira,19,FC Dallas,Forward,"McKinney, TX",3
Carlos Fierro,26,San Jose Earthquakes,Midfielder,"Ahome, Mexico, International",10
Nicolas Figal,26,Inter Miami CF,Defender,"Ahome, Mexico, International",10
Maynor Figueroa,37,Houston Dynamo FC,Defender,"Jutiapa, Honduras, International",21
Ethan Finlay,30,Minnesota United FC,Midfielder,"Marshfield, WI",14
Nicolas Firmino,19,New England Revolution,Midfielder,"Somerville, MA",3
Oniel Fisher,29,D.C. United,Defender,"Portmore, Jamaica, International",13
Andres Flores,30,Portland Timbers,Midfielder,"Portmore, Jamaica, International",14
Edison Flores,26,D.C. United,Midfielder,"Portmore, Jamaica, International",10
Anthony Fontana,21,Philadelphia Union,Midfielder,"Newark, DE",5
Andreu Fontas,31,Sporting Kansas City,Defender,"Banyoles, Spain, International",15
Kortne Ford,24,Colorado Rapids,Defender,"Greeley, CO",8
Waylon Francis,30,Columbus Crew SC,Defender,"Greeley, CO",14
Przemyslaw Frankowski,25,Chicago Fire FC,Midfielder,"Greeley, CO",9
Liam Fraser,22,Toronto FC,Midfielder,"Surrey, BC",6
Tyler Freeman,17,Sporting Kansas City,Forward,"Shawnee, KS",1
Matt Freese,22,Philadelphia Union,Goalkeeper,"Wayne, PA",6
Stefan Frei,34,Seattle Sounders FC,Goalkeeper,"Berkeley, CA",18
Alejandro Fuenmayor,24,Houston Dynamo FC,Defender,"Valencia, Venezuela, International",8
Gilbert Fuentes,18,San Jose Earthquakes,Midfielder,"Tracy, CA",2
Raymon Gaddis,30,Philadelphia Union,Defender,"Indianapolis, IN",14
Tony Gallacher,21,Toronto FC,Defender,"Glasgow, Scotland, International",5
Jon Gallagher,24,Atlanta United FC,Forward,"Dundalk, Ireland, International",8
Erickson Gallardo,24,Toronto FC,Midfielder,"Dundalk, Ireland, International",8
Pedro Gallese,30,Orlando City SC,Goalkeeper,"Lima, Peru, International",14
Braian Galvan,20,Colorado Rapids,Midfielder,"Lima, Peru, International",4
Christopher Garcia,17,Real Salt Lake,Midfielder,"El Paso, TX",1
Boniek Garcia,36,Houston Dynamo FC,Midfielder,"El Paso, TX",20
Chase Gasper,24,Minnesota United FC,Defender,"Alexandria, VA",8
Carles Gil,28,New England Revolution,Midfielder,"Valencia, Spain, International",12
Gaston Gimenez,29,Chicago Fire FC,Midfielder,"Formosa, Argentina, International",13
Francisco Ginella,21,Los Angeles Football Club,Midfielder,"Montevideo, Uruguay, International",5
Tomas Giraldo,17,Montreal Impact,Midfielder,"Montreal, QC",1
Justen Glad,23,Real Salt Lake,Defender,"Tucson, AZ",7
Sam Gleadle,24,Minnesota United FC,Defender,"Chichester, United Kingdom, International",8
Jakob Glesnes,26,Philadelphia Union,Defender,"Sotra, Norway, International",10
Erik Godoy,27,Vancouver Whitecaps FC,Defender,"Buenos Aires, Argentina, International",11
Anibal Godoy,30,Nashville SC,Midfielder,"Panama City, Panama, International",14
Yeimar Gomez Andrade,28,Seattle Sounders FC,Defender,"Tado, Colombia, International",12
Yony Gonzalez,26,LA Galaxy,Midfielder,"Tado, Colombia, International",10
Giancarlo Gonzalez,32,LA Galaxy,Defender,"San Jose, Costa Rica, International",16
Omar Gonzalez,32,Toronto FC,Defender,"Dallas, TX",16
Leandro Gonzalez Pirez,28,Inter Miami CF,Defender,"Dallas, TX",12
Tayvon Gray,18,New York City FC,Defender,"Bronx, NY",2
Jacob Greene,17,D.C. United,Defender,"Crofton, MD",1
Jan Gregus,29,Minnesota United FC,Midfielder,"Nitra, Slovakia, International",13
Julian Gressel,26,D.C. United,Midfielder,"Neustadt an der Aisch, Germany, International",10
Alejandro Guido,26,Los Angeles Football Club,Midfielder,"Neustadt an der Aisch, Germany, International",10
Felipe Gutiérrez,30,Sporting Kansas City,Midfielder,"Quintero, Chile, International",14
Brian Gutierrez,17,Chicago Fire FC,Midfielder,"Burbank, IL",1
Cristian Gutierrez,23,Vancouver Whitecaps FC,Defender,"Santiago, Chile, International",7
Andrew Gutman,24,FC Cincinnati,Defender,"Hinsdale, IL",8
Brad Guzan,36,Atlanta United FC,Goalkeeper,"Hinsdale, IL",20
Joseph-Claude Gyau,28,FC Cincinnati,Midfielder,"Silver Spring, MD",12
Justin Haak,19,New York City FC,Midfielder,"Brooklyn, NY",3
Luke Haakenson,23,Nashville SC,Midfielder,"Maple Grove, MN",7
Nick Hagglund,28,FC Cincinnati,Defender,"Cincinnati, OH",12
Marlon Hairston,26,Minnesota United FC,Midfielder,"Jackson, MS",10
Siad Haji,21,San Jose Earthquakes,Midfielder,"Manchester, NH",5
Michael Halliday,17,Orlando City SC,Defender,"Apopka, FL",1
Bill Hamid,30,D.C. United,Goalkeeper,"Apopka, FL",14
Jordan Hamilton,24,Columbus Crew SC,Forward,"Scarborough, ON",8
Niko Hansen,26,Houston Dynamo FC,Midfielder,"Sacramento, CA",10
Wilson Harris,21,Sporting Kansas City,Forward,"Los Angeles, CA",5
Carlos Harvey,20,LA Galaxy,Midfielder,"Panama City, Panama, International",4
Jordan Harvey,36,Los Angeles Football Club,Defender,"Mission Viejo, CA",20
Thomas Hasal,21,Vancouver Whitecaps FC,Goalkeeper,"Saskatoon, SK",5
Jacori Hayes,25,Minnesota United FC,Midfielder,"Bowie, MD",9
Matt Hedges,30,FC Dallas,Defender,"Carmel, IN",14
Fabian Herbers,27,Chicago Fire FC,Midfielder,"Ahaus, Germany, International",11
Felipe Hernandez,22,Sporting Kansas City,Midfielder,"Nashville, TN",6
Javier Hernandez,32,LA Galaxy,Forward,"Nashville, TN",16
Aaron Herrera,23,Real Salt Lake,Defender,"Las Cruces, NM",7
Federico Higuain,36,Inter Miami CF,Midfielder,"Las Cruces, NM",20
Gonzalo Higuaín,32,Inter Miami CF,Forward,"Las Cruces, NM",16
Danny Hoesen,29,San Jose Earthquakes,Forward,"Heerlen, Netherlands, International",13
Ryan Hollingshead,29,FC Dallas,Defender,"Granite Bay, CA",13
Erik Holt,24,Real Salt Lake,Defender,"San Diego, CA",8
Shandon Hopeau,22,Seattle Sounders FC,Midfielder,"Kapolei, HI",6
Matt Hundley,20,Colorado Rapids,Forward,"Littleton, CO",4
Erik Hurtado,30,Sporting Kansas City,Forward,"Beaverton, OR",14
Emerson Hyndman,24,Atlanta United FC,Midfielder,"Dallas, TX",8
Miguel Ibarra,30,Seattle Sounders FC,Midfielder,"Lancaster, CA",14
Sebastien Ibeagha,28,New York City FC,Defender,"Missouri City, TX",12
Milan Iloski,21,Real Salt Lake,Forward,"Escondido, CA",5
Emiliano Insua,31,LA Galaxy,Defender,"Buenos Aires, Argentina, International",15
Clint Irwin,31,Colorado Rapids,Goalkeeper,"Buenos Aires, Argentina, International",15
Aljaz Ivacic,26,Portland Timbers,Goalkeeper,"Buenos Aires, Argentina, International",10
Niki Jackson,25,Colorado Rapids,Forward,"Scottsdale, AZ",9
Anthony Jackson-Hamel,27,Montreal Impact,Forward,"Scottsdale, AZ",11
Adam Jahn,29,Atlanta United FC,Forward,"El Macero, CA",13
Dejan Jakovic,35,Los Angeles Football Club,Defender,"El Macero, CA",19
Robin Jansson,29,Orlando City SC,Defender,"Trollhattan, Sweden, International",13
Franco Jara,32,FC Dallas,Forward,"Cordoba, Argentina, International",16
Andres Jasson,18,New York City FC,Forward,"Greenwich, CT",2
David Jensen,28,New York Red Bulls,Goalkeeper,"Hillerød, Denmark, International",12
Hector Jimenez,32,Columbus Crew SC,Midfielder,"Hillerød, Denmark, International",16
Sean Johnson,31,New York City FC,Goalkeeper,"Lilburn, GA",15
Alistair Johnston,22,Nashville SC,Midfielder,"Aurora, ON",6
Derrick Jones,23,Nashville SC,Midfielder,"Philadelphia, PA",7
Alvin Jones,26,Real Salt Lake,Defender,"Port of Spain, Trinidad and Tobago, International",10
Joevin Jones,29,Seattle Sounders FC,Midfielder,"Carenage, Trinidad & Tobago, International",13
DeJuan Jones,23,New England Revolution,Midfielder,"Lansing, MI",7
Mathias Jorgensen,20,New York Red Bulls,Forward,"Hundested, Denmark, International",4
Florian Jungwirth,31,San Jose Earthquakes,Defender,"Grafelfing, Germany, International",15
Sam Junqua,24,Houston Dynamo FC,Defender,"Saratoga, CA",8
Brent Kallman,30,Minnesota United FC,Defender,"Omaha, NE",14
Ola Kamara,31,D.C. United,Forward,"Oslo, Norway, International",15
Kei Kamara,36,Minnesota United FC,Forward,"Kenema, Sierra Leone, International",20
Alec Kann,30,Atlanta United FC,Goalkeeper,"Kenema, Sierra Leone, International",14
Johan Kappelhof,30,Chicago Fire FC,Defender,"Amsterdam, Netherlands, International",14
Guram Kashia,33,San Jose Earthquakes,Defender,"Tblisi, GA",17
Mark-Anthony Kaye,26,Los Angeles Football Club,Midfielder,"Tblisi, GA",10
Aboubacar Keita,20,Columbus Crew SC,Defender,"Columbus, OH",4
Jeremy Kelly,23,Colorado Rapids,Defender,"Chapel Hill, NC",7
Jon Kempin,27,Columbus Crew SC,Goalkeeper,"Chapel Hill, NC",11
Henry Kessler,22,New England Revolution,Defender,"New York, NY",6
Jasser Khmiri,23,Vancouver Whitecaps FC,Defender,"Tunis, Tunisia, International",7
Jerome Kiesewetter,27,Inter Miami CF,Forward,"Tunis, Tunisia, International",11
Gadi Kinda,26,Sporting Kansas City,Midfielder,"Ashdod, Israel, International",10
Perry Kitchen,28,LA Galaxy,Midfielder,"Indianapolis, IN",12
Mustafa Kizza,21,Montreal Impact,Defender,"Indianapolis, IN",5
Jonathan Klinsmann,23,LA Galaxy,Goalkeeper,"Indianapolis, IN",7
Sacha Kljestan,35,LA Galaxy,Midfielder,"Huntington Beach, CA",19
Brad Knighton,35,New England Revolution,Goalkeeper,"Richmond, VA",19
Kai Koreniuk,22,LA Galaxy,Midfielder,"Daytona Beach, FL",6
Franko Kovacevic,21,FC Cincinnati,Forward,"Križevci, Croatia, International",5
Damir Kreilach,31,Real Salt Lake,Midfielder,"Vukovar, Croatia, International",15
Bojan Krkic,30,Montreal Impact,Midfielder,"Vukovar, Croatia, International",14
Kenneth Kronholm,35,Chicago Fire FC,Goalkeeper,"Vukovar, Croatia, International",19
Yuya Kubo,26,FC Cincinnati,Forward,"Yamaguchi, Japan, International",10
Lagos Kunga,22,Atlanta United FC,Forward,"Clarkson, GA",6
Matt LaGrassa,27,Nashville SC,Midfielder,"Elk Grove, CA",11
Matt Lampson,31,Columbus Crew SC,Goalkeeper,"Hilliard, OH",15
Cameron Lancaster,28,Nashville SC,Forward,"London, England, International",12
Foster Langsdorf,24,Minnesota United FC,Forward,"Vancouver, WA",8
Lassi Lappalainen,22,Montreal Impact,Midfielder,"Vancouver, WA",6
Jeff Larentowicz,37,Atlanta United FC,Midfielder,"West Chester, PA",21
Richie Laryea,25,Toronto FC,Defender,"Toronto, ON",9
Ariel Lassiter,26,Houston Dynamo FC,Forward,"Temecula, CA",10
Randall Leal,23,Nashville SC,Midfielder,"San Jose, Costa Rica, International",7
Kelvin Leerdam,30,Seattle Sounders FC,Defender,"Utrecht, Netherlands, International",14
Chris Lema,24,New York Red Bulls,Midfielder,"Ridgefield, NJ",8
Nico Lemoine,20,Houston Dynamo FC,Midfielder,"Livermore, CA",4
Brooks Lennon,23,Atlanta United FC,Defender,"Paradise Valley, AZ",7
Tony Leone,16,Los Angeles Football Club,Defender,"Paradise Valley, AZ",0
Jonathan Lewis,23,Colorado Rapids,Midfielder,"Plantation, FL",7
Danny Leyva,17,Seattle Sounders FC,Midfielder,"Las Vegas, NV",1
Grant Lillard,24,Columbus Crew SC,Defender,"Hinsdale, IL",8
Nick Lima,26,San Jose Earthquakes,Defender,"Castro Valley, CA",10
Jaylin Lindsey,20,Sporting Kansas City,Defender,"Charlotte, NC",4
Sebastian Lletget,28,LA Galaxy,Midfielder,"Charlotte, NC",12
Jurgen Locadia,27,FC Cincinnati,Forward,"Emmen, Netherlands, International",11
Robin Lod,27,Minnesota United FC,Midfielder,"Helsinki, Finland, International",11
Nicolás Lodeiro,31,Seattle Sounders FC,Midfielder,"Helsinki, Finland, International",15
David Loera,22,Orlando City SC,Midfielder,"Orlando, FL",6
Aaron Long,28,New York Red Bulls,Defender,"Oak Hills, CA",12
Eric Lopez,21,LA Galaxy,Goalkeeper,"Westminster, CA",5
Marcos Lopez,21,San Jose Earthquakes,Defender,"Westminster, CA",5
Marvin Loria,23,Portland Timbers,Midfielder,"Westminster, CA",7
Daniel Lovitz,29,Nashville SC,Defender,"Wyndmoor, PA",13
Adam Lundkvist,26,Houston Dynamo FC,Defender,"Wyndmoor, PA",10
Ben Lundt,25,FC Cincinnati,Goalkeeper,"Berlin, Germany, International",9
Charlie Lyon,28,Portland Timbers,Goalkeeper,"St. Charles, IL",12
Larrys Mabiala,33,Portland Timbers,Defender,"St. Charles, IL",17
Emanuel Maciel,23,Montreal Impact,Midfielder,"St. Charles, IL",7
Gary Mackay-Steven,30,New York City FC,Midfielder,"Thurso, Scotland, International",14
Zac MacMath,29,Real Salt Lake,Goalkeeper,"St. Petersburg, FL",13
Jack Maher,21,Nashville SC,Defender,"Caseyville, IL",5
Christian Makoun,20,Inter Miami CF,Midfielder,"Caseyville, IL",4
Michael Mancienne,32,New England Revolution,Defender,"Feltham, England, International",16
Kekuta Manneh,25,New England Revolution,Forward,"Madiba Kunda, Gambia, International",9
Mauro Manotas,25,Houston Dynamo FC,Forward,"Madiba Kunda, Gambia, International",9
JT Marcinkowski,23,San Jose Earthquakes,Goalkeeper,"Alamo, CA",7
Marko Maric,24,Houston Dynamo FC,Goalkeeper,"Vienna, Austria, International",8
Paul Marie,25,San Jose Earthquakes,Defender,"Saint-Aubin-Des-Bois, France, International",9
Jahkeele Marshall-Rutty,16,Toronto FC,Midfielder,"Saint-Aubin-Des-Bois, France, International",0
Tomas Martinez,25,Houston Dynamo FC,Midfielder,"Beccar, Argentina, International",9
Jose Andres Martinez,26,Philadelphia Union,Midfielder,"Maracaibo, Venezuela, International",10
Josef Martinez,27,Atlanta United FC,Forward,"Maracaibo, Venezuela, International",11
Douglas Martinez,23,Real Salt Lake,Forward,"Olanchito, Honduras, International",7
Felipe,30,D.C. United,Midfielder,"Olanchito, Honduras, International",14
Luis Martins,28,Sporting Kansas City,Defender,"Lamego, Portugal, International",12
Ronald Matarrita,26,New York City FC,Defender,"Alajuela, Costa Rica, International",10
Blaise Matuidi,33,Inter Miami CF,Midfielder,"Alajuela, Costa Rica, International",17
Jimmy Maurer,32,FC Dallas,Goalkeeper,"Lawrenceville, GA",16
Chris Mavinga,29,Toronto FC,Defender,"Meaux, France, International",13
Olivier Mbaizo,23,Philadelphia Union,Defender,"Douala, Cameroon, International",7
John McCarthy,28,Inter Miami CF,Goalkeeper,"Cinnaminson, NJ",12
Dax McCarty,33,Nashville SC,Midfielder,"Winter Park, FL",17
Erik McCue,19,Houston Dynamo FC,Defender,"Onsala, Sweden, International",3
Zac McGraw,23,Portland Timbers,Defender,"Torrance, CA",7
Kendall McIntosh,26,New York Red Bulls,Goalkeeper,"Santa Rosa, CA",10
Mark McKenzie,21,Philadelphia Union,Defender,"Bear, DE",5
Thomas McNamara,29,New England Revolution,Midfielder,"West Nyack, NY",13
Ryan Meara,30,New York Red Bulls,Goalkeeper,"Crestwood, NY",14
Jesus Medina,23,New York City FC,Midfielder,"Crestwood, NY",7
Alvaro Medran,26,Chicago Fire FC,Midfielder,"Dos Torres, Spain, International",10
Jimmy Medranda,26,Seattle Sounders FC,Midfielder,"Mosquera, Colombia, International",10
Haris Medunjanin,35,FC Cincinnati,Midfielder,"Mosquera, Colombia, International",19
Phelipe Megiolaro,21,FC Dallas,Goalkeeper,"Campinas, Brazil, International",5
Tim Melia,34,Sporting Kansas City,Goalkeeper,"East Islip, NY",18
Sebastian Mendez,23,Orlando City SC,Midfielder,"Mira, Ecuador, International",7
Jonathan Mensah,30,Columbus Crew SC,Defender,"Prampram, Ghana, International",14
Justin Meram,31,Real Salt Lake,Midfielder,"Prampram, Ghana, International",15
Bryan Meredith,31,Vancouver Whitecaps FC,Goalkeeper,"Scotch Plains, NJ",15
Romain Metanire,30,Minnesota United FC,Defender,"Metz, France, International",14
Patrick Metcalfe,22,Vancouver Whitecaps FC,Midfielder,"Richmond, BC",6
Fernando Meza,30,Atlanta United FC,Defender,"Richmond, BC",14
Nicolas Mezquida,28,Colorado Rapids,Midfielder,"Montevideo, Uruguay, International",12
Benji Michel,23,Orlando City SC,Forward,"Orlando, FL",7
Djordje Mihailovic,22,Chicago Fire FC,Midfielder,"Lemont, IL",6
David Milinkovic,26,Vancouver Whitecaps FC,Midfielder,"Antibes, France, International",10
Kamal Miller,23,Orlando City SC,Defender,"Pickering, ON",7
Tyler Miller,27,Minnesota United FC,Goalkeeper,"Woodbury, NJ",11
Eric Miller,27,Nashville SC,Defender,"Woodbury, MN",11
Ben Mines,20,New York Red Bulls,Midfielder,"Ridgefield, CT",4
Alexandru Mitrita,25,New York City FC,Midfielder,"Craiova, Romania, International",9
Youness Mokhtar,29,Columbus Crew SC,Midfielder,"Utrecht, Netherlands, International",13
Kamohelo Mokotjo,29,FC Cincinnati,Midfielder,"Odendaalsrus, South Africa, International",13
Kevin Molino,30,Minnesota United FC,Midfielder,"Odendaalsrus, South Africa, International",14
Alex Monis,17,Chicago Fire FC,Forward,"Naperville, IL",1
Jamiro Monteiro,27,Philadelphia Union,Midfielder,"Rotterdam, Netherlands, International",11
Fredy Montero,33,Vancouver Whitecaps FC,Forward,"Barranquilla, Colombia, International",17
Callum Montgomery,23,FC Dallas,Defender,"Victoria, BC",7
Drew Moor,36,Colorado Rapids,Defender,"Dallas, TX",20
Brendan Moore,28,Atlanta United FC,Goalkeeper,"Roswell, GA",12
Felipe Mora,27,Portland Timbers,Forward,"Santiago, Chile, International",11
Joseph Mora,27,D.C. United,Defender,"Santiago, Chile, International",11
Maximiliano Moralez,33,New York City FC,Midfielder,"Granadero Baigorria, Argentina, International",17
Marcelino Moreno,25,Atlanta United FC,Midfielder,"Granadero Baigorria, Argentina, International",9
Junior Moreno,27,D.C. United,Midfielder,"Granadero Baigorria, Argentina, International",11
Lewis Morgan,24,Inter Miami CF,Midfielder,"Greenock, Scotland, International",8
Ashtone Morgan,29,Real Salt Lake,Defender,"Toronto, ON",13
Jordan Morris,26,Seattle Sounders FC,Forward,"Mercer Island, WA",10
Aidan Morris,19,Columbus Crew SC,Midfielder,"Fort Lauderdale, FL",3
Justin Morrow,33,Toronto FC,Defender,"Fort Lauderdale, FL",17
Santiago Mosquera,25,FC Dallas,Midfielder,"Buenaventura, Colombia, International",9
Joao Moutinho,22,Orlando City SC,Defender,"Lisbon, Portugal, International",6
Chris Mueller,24,Orlando City SC,Midfielder,"Schaumburg, IL",8
Hany Mukhtar,25,Nashville SC,Midfielder,"Berlin, Germany, International",9
Georges Mukumbilwa,21,Vancouver Whitecaps FC,Midfielder,"Winnipeg, MB",5
Luke Mulholland,32,Real Salt Lake,Midfielder,"Preston, England, International",16
Patrick Mullins,28,Toronto FC,Forward,"New Orleans, LA",12
Jake Mulraney,24,Atlanta United FC,Midfielder,"New Orleans, LA",8
Eddie Munjoma,22,FC Dallas,Defender,"Dallas, TX",6
Jesus David Murillo,26,Los Angeles Football Club,Defender,"Dallas, TX",10
James Musa,28,Minnesota United FC,Midfielder,"Plymouth, United Kingdom, International",12
Trey Muse,21,Seattle Sounders FC,Goalkeeper,"Louisville, KY",5
Danny Musovski,25,Los Angeles Football Club,Forward,"Henderson, NV",9
Alex Muyl,25,Nashville SC,Midfielder,"New York, NY",9
Darlington Nagbe,30,Columbus Crew SC,Midfielder,"Lakewood, OH",14
Andy Najar,27,Los Angeles Football Club,Defender,"Lakewood, OH",11
Younes Namli,26,Colorado Rapids,Midfielder,"Lakewood, OH",10
Miguel Angel Navarro,21,Chicago Fire FC,Defender,"Maracaibo, Venezuela, International",5
Miguel Nazarit,23,Nashville SC,Defender,"Maracaibo, Venezuela, International",7
Jalen Neal,23,LA Galaxy,Forward,"Maracaibo, Venezuela, International",7
Dylan Nealis,22,Inter Miami CF,Defender,"Massapequa, NY",6
Sean Nealis,23,New York Red Bulls,Defender,"Massapequa, NY",7
Michael Nelson,25,Houston Dynamo FC,Goalkeeper,"Houston, TX",9
John Nelson,22,FC Dallas,Defender,"Medina, OH",6
Jayden Nelson,18,Toronto FC,Midfielder,"Medina, OH",2
Krisztian Nemeth,31,Columbus Crew SC,Forward,"Medina, OH",15
Jake Nerwinski,26,Vancouver Whitecaps FC,Defender,"Lawrenceville, NJ",10
Michee Ngalina,20,Philadelphia Union,Forward,"Lawrenceville, NJ",4
Lee Nguyen,34,New England Revolution,Midfielder,"Lawrenceville, NJ",18
Jaroslaw Niezgoda,25,Portland Timbers,Forward,"Poniatowa, Poland, International",9
David Norman Jr.,22,Inter Miami CF,Midfielder,"Coquitlam, BC",6
Moses Nyeman,17,D.C. United,Midfielder,"Coquitlam, BC",1
Shane O'Neill,27,Seattle Sounders FC,Defender,"Coquitlam, BC",11
Alfonso Ocampo-Chavez,18,Seattle Sounders FC,Forward,"Merced, CA",2
Emmanuel Ochoa,15,San Jose Earthquakes,Goalkeeper,"Salinas, CA",-1
David Ochoa,19,Real Salt Lake,Goalkeeper,"Oxnard, CA",3
Chris Odoi-Atsem,25,D.C. United,Defender,"Mitchellville, MD",9
Chinonso Offor,20,Chicago Fire FC,Forward,"Lagos, Nigeria, International",4
Noble Okello,20,Toronto FC,Midfielder,"Lagos, Nigeria, International",4
Orji Okwonkwo,22,Montreal Impact,Midfielder,"Lagos, Nigeria, International",6
Wyatt Omsberg,25,Chicago Fire FC,Defender,"Scarborough, ME",9
Nedum Onuoha,34,Real Salt Lake,Defender,"Manchester, England, International",18
Ike Opara,31,Minnesota United FC,Defender,"Manchester, England, International",15
Mahala Opoku,19,Los Angeles Football Club,Forward,"Manchester, England, International",3
Matej Oravec,22,Philadelphia Union,Midfielder,"Trvnava, Slovakia, International",6
Jonathan Osorio,28,Toronto FC,Midfielder,"Brampton, ON",12
Leonard Owusu,23,Vancouver Whitecaps FC,Midfielder,"Accra, Ghana, International",7
Diego Palacios,21,Los Angeles Football Club,Defender,"Guayaquil, Ecuador, International",5
Marcelo Palomino,19,Houston Dynamo FC,Midfielder,"Houston, TX",3
Elliot Panicco,24,Nashville SC,Goalkeeper,"Huntersville, NC",8
James Pantemis,23,Montreal Impact,Goalkeeper,"Kirkland, QC",7
Cristhian Paredes,22,Portland Timbers,Midfielder,"Kirkland, QC",6
Kevin Paredes,17,D.C. United,Midfielder,"South Riding, VA",1
Tim Parker,27,New York Red Bulls,Defender,"South Riding, VA",11
Keaton Parks,23,New York City FC,Midfielder,"Plano, TX",7
Kevin Partida,25,Minnesota United FC,Midfielder,"Sparks, NV",9
Santiago Patiño,23,Orlando City SC,Forward,"Orlando, FL",7
João Paulo,29,Seattle Sounders FC,Midfielder,"Serafina Corrêa, Brazil, International",13
Cristian Pavon,24,LA Galaxy,Forward,"Anisacate, Argentina, International",8
Damiano Pecile,18,Vancouver Whitecaps FC,Midfielder,"Burnaby, BC",2
Matias Pellegrini,20,Inter Miami CF,Midfielder,"Magdalena, Argentina, International",4
Ronaldo Peña,23,Houston Dynamo FC,Forward,"Acarigua, Venezuela, International",7
Jason Pendant,23,New York Red Bulls,Defender,"Acarigua, Venezuela, International",7
Cristian Penilla,29,New England Revolution,Forward,"Esmeraldas, Ecuador, International",13
Ricardo Pepi,17,FC Dallas,Forward,"El Paso, TX",1
Andres Perea,20,Orlando City SC,Midfielder,"Medellin, Colombia, International",4
Ilsinho,35,Philadelphia Union,Midfielder,"Medellin, Colombia, International",19
Mauricio Pereyra,30,Orlando City SC,Midfielder,"Montevideo, Uruguay, International",14
Jonathan Perez,17,LA Galaxy,Midfielder,"Pico Rivera, CA",1
Adrien Perez,25,Los Angeles Football Club,Forward,"Ontario, CA",9
Jordan Perruzza,19,Toronto FC,Forward,"Toronto, ON",3
Tom Pettersson,30,FC Cincinnati,Defender,"Trollhattan, Sweden, International",14
Pablo Piatti,31,Toronto FC,Midfielder,"Trollhattan, Sweden, International",15
Fafa Picault,29,FC Dallas,Forward,"Miami, FL",13
Samuel Piette,26,Montreal Impact,Midfielder,"Miami, FL",10
Mauricio Pineda,23,Chicago Fire FC,Midfielder,"Miami, FL",7
Donovan Pines,22,D.C. United,Defender,"Miami, FL",6
Rodolfo Pizarro,26,Inter Miami CF,Midfielder,"Tampico, Mexico, International",10
Andy Polo,26,Portland Timbers,Midfielder,"Tampico, Mexico, International",10
Matt Polster,27,New England Revolution,Midfielder,"Tampico, Mexico, International",11
Paxton Pomykal,20,FC Dallas,Midfielder,"Highland Village, TX",4
Justin Portillo,28,Real Salt Lake,Midfielder,"New Orleans, LA",12
Alvas Powell,26,Inter Miami CF,Defender,"St. Thomas, Jamaica, International",10
Alejandro Pozuelo,29,Toronto FC,Midfielder,"Seville, Spain, International",13
Jack Price,27,Colorado Rapids,Midfielder,"Seville, Spain, International",11
Ralph Priso,18,Toronto FC,Midfielder,"Seville, Spain, International",2
Kacper Przybylko,27,Philadelphia Union,Forward,"Bielefeld, Germany, International",11
Alan Pulido,29,Sporting Kansas City,Forward,"Ciudad Victoria, Mexico, International",13
John Pulskamp,19,Sporting Kansas City,Goalkeeper,"Bakersfield, CA",3
Roberto Puncec,29,Sporting Kansas City,Defender,"Varazdin, Croatia, International",13
Andrew Putna,26,Real Salt Lake,Goalkeeper,"Lemont, IL",10
Vako,27,San Jose Earthquakes,Midfielder,"Ozurgeti, GA",11
Darwin Quintero,33,Houston Dynamo FC,Forward,"Tumaco, Colombia, International",17
Jairo Quinteros,19,Inter Miami CF,Defender,"Tumaco, Colombia, International",3
Romell Quioto,29,Montreal Impact,Forward,"Tumaco, Colombia, International",13
Jukka Raitala,32,Montreal Impact,Defender,"Helsinki, Finland, International",16
Christian Ramirez,29,Houston Dynamo FC,Forward,"Garden Grove, CA",13
Jeizon Ramirez,19,Real Salt Lake,Forward,"San Cristobal, Venezuela, International",3
Greg Ranjitsingh,27,Minnesota United FC,Goalkeeper,"Pickering, ON",11
Ryan Raposo,21,Vancouver Whitecaps FC,Midfielder,"Hamilton, ON",5
Andre Rawls,28,Colorado Rapids,Goalkeeper,"San Ramon, CA",12
Matthew Real,21,Philadelphia Union,Defender,"Drexel Hill, PA",5
Winston Reid,32,Sporting Kansas City,Defender,"Auckland, New Zealand, International",16
Eric Remedi,25,Atlanta United FC,Midfielder,"Auckland, New Zealand, International",9
Justin Rennicks,21,New England Revolution,Forward,"South Hamilton, MA",5
Andres Reyes,21,Inter Miami CF,Defender,"South Hamilton, MA",5
Yordy Reyna,27,D.C. United,Forward,"South Hamilton, MA",11
Bryan Reynolds,19,FC Dallas,Defender,"Fort Worth, TX",3
Andre Reynolds II,19,Chicago Fire FC,Defender,"Fort Worth, TX",3
Emanuel Reynoso,25,Minnesota United FC,Midfielder,"Cordoba, Argentina, International",9
Andres Ricaurte,29,FC Dallas,Midfielder,"Medellin, Colombia, International",13
Tosaint Ricketts,33,Vancouver Whitecaps FC,Forward,"Edmonton, AB",17
Alexander Ring,29,New York City FC,Midfielder,"Helsinki, Finland, International",13
Andres Rios,31,San Jose Earthquakes,Forward,"Buenos Aires, Argentina, International",15
Daniel Rios,25,Nashville SC,Forward,"Buenos Aires, Argentina, International",9
Gelmin Rivas,31,D.C. United,Forward,"Buenos Aires, Argentina, International",15
Damian Rivera,17,New England Revolution,Midfielder,"Cranston, RI",1
Thomas Roberts,19,FC Dallas,Midfielder,"Little Rock, AR",3
Robbie Robinson,21,Inter Miami CF,Forward,"Camden, SC",5
Miles Robinson,23,Atlanta United FC,Defender,"Arlington, MA",7
Luis Robles,36,Inter Miami CF,Goalkeeper,"Arlington, MA",20
Tony Rocha,27,New York City FC,Midfielder,"Spring, TX",11
Allan Rodriguez,16,Chicago Fire FC,Midfielder,"Spring, TX",0
Abraham Rodriguez,18,Colorado Rapids,Goalkeeper,"Spring, TX",2
Memo Rodriguez,24,Houston Dynamo FC,Midfielder,"El Campo, TX",8
Brian Rodriguez,20,Los Angeles Football Club,Forward,"Tranqueras, Uruguay, International",4
Cristian Roldan,25,Seattle Sounders FC,Midfielder,"Tranqueras, Uruguay, International",9
Alex Roldan,24,Seattle Sounders FC,Defender,"Pico Rivera, CA",8
Rocco Romeo,20,Toronto FC,Defender,"Toronto, ON",4
Alejandro Romero Gamarra,25,New York Red Bulls,Midfielder,"Ciudadela, Argentina, International",9
Dave Romney,27,Nashville SC,Defender,"Irvine, CA",11
Eloy Room,31,Columbus Crew SC,Goalkeeper,"Irvine, CA",15
Andy Rose,30,Vancouver Whitecaps FC,Midfielder,"Bristol, England, International",14
Oriol Rosell,28,Orlando City SC,Midfielder,"Bristol, England, International",12
Keegan Rosenberry,26,Colorado Rapids,Defender,"Ronks, PA",10
Matheus Rossetto,24,Atlanta United FC,Midfielder,"Santo Amaro da Imperatriz, Brazil, International",8
Diego Rossi,22,Los Angeles Football Club,Forward,"Santo Amaro da Imperatriz, Brazil, International",6
Giuseppe Rossi,33,Real Salt Lake,Forward,"Santo Amaro da Imperatriz, Brazil, International",17
Brian Rowe,32,Orlando City SC,Goalkeeper,"Eugene, OR",16
Kelyn Rowe,29,New England Revolution,Midfielder,"Federal Way, WA",13
Daniel Royer,30,New York Red Bulls,Midfielder,"Schladming, Austria, International",14
Diego Rubio,27,Colorado Rapids,Forward,"Santiago, Chile, International",11
Raul Ruidiaz,30,Seattle Sounders FC,Forward,"Santiago, Chile, International",14
Pablo Ruiz,21,Real Salt Lake,Midfielder,"Comodoro Rivadavia, Argentina, International",5
Albert Rusnak,26,Real Salt Lake,Midfielder,"Kosice, Slovakia, International",10
Johnny Russell,30,Sporting Kansas City,Midfielder,"Glasgow, Scotland, International",14
Abdul Rwatubyaye,24,Colorado Rapids,Defender,"Kigali, Rwanda, International",8
Marc Rzatkowski,30,New York Red Bulls,Midfielder,"Kigali, Rwanda, International",14
Steeven Saba,27,Montreal Impact,Midfielder,"Port-au-Prince, Haiti, International",11
Michael Salazar,28,Houston Dynamo FC,Forward,"Cayo, Belize, International",12
Adam Saldana,28,LA Galaxy,Forward,"Cayo, Belize, International",12
Shea Salinas,34,San Jose Earthquakes,Defender,"Grapevine, TX",18
Daniel Salloi,24,Sporting Kansas City,Forward,"Budapest, Hungary, International",8
Ilie Sanchez,30,Sporting Kansas City,Midfielder,"Barcelona, Spain, International",14
Richard Sanchez,26,Sporting Kansas City,Goalkeeper,"Barcelona, Spain, International",10
James Sands,20,New York City FC,Midfielder,"Barcelona, Spain, International",4
Sergio Santos,26,Philadelphia Union,Forward,"Belo Horizonte, Brazil, International",10
Thiago Santos,31,FC Dallas,Midfielder,"Sao Paulo, Brazil, International",15
Pedro Santos,32,Columbus Crew SC,Midfielder,"Lisbon, Portugal, International",16
Joe Scally,17,New York City FC,Defender,"Lisbon, Portugal, International",1
Rodrigo Schlegel,23,Orlando City SC,Defender,"Remedios de Escalada, Argentina, International",7
Tate Schmitt,23,Real Salt Lake,Forward,"Phoenix, AZ",7
Aaron Schoenfeld,30,Minnesota United FC,Forward,"Phoenix, AZ",14
Brady Scott,21,Nashville SC,Goalkeeper,"Petaluma, CA",5
Patrick Seagrist,22,New York Red Bulls,Defender,"Steamwood, IL",6
Dante Sealy,17,FC Dallas,Forward,"Frisco, TX",1
Mark Segbers,24,Los Angeles Football Club,Defender,"St. Louis, MO",8
Ulises Segura,27,D.C. United,Midfielder,"Goicoechea, Costa Rica, International",11
Eddie Segura,23,Los Angeles Football Club,Defender,"Pereira, Colombia, International",7
Chris Seitz,33,D.C. United,Goalkeeper,"San Luis Obispo, CA",17
Amar Sejdic,24,Montreal Impact,Midfielder,"Louisville, KY",8
Boris Sekulic,29,Chicago Fire FC,Defender,"Belgrade, DFR Yugoslavia, International",13
Brandon Servania,21,FC Dallas,Midfielder,"Dallas, TX",5
Jacob Shaffelburg,21,Toronto FC,Midfielder,"Dallas, TX",5
Brek Shea,30,Inter Miami CF,Midfielder,"College Station, TX",14
Khiry Shelton,27,Sporting Kansas City,Forward,"Leander, TX",11
Andre Shinyashiki,23,Colorado Rapids,Forward,"Sao Paulo, Brazil, International",7
Shamit Shome,23,Montreal Impact,Midfielder,"Edmonton, AB",7
Bobby Shuttleworth,33,Chicago Fire FC,Goalkeeper,"Tonawanda, NY",17
Marcelo Silva,31,Real Salt Lake,Defender,"Tonawanda, NY",15
Kevin Silva,22,Toronto FC,Goalkeeper,"Bethlehem, PA",6
Judson,27,San Jose Earthquakes,Midfielder,"Arês, Brazil, International",11
Seth Sinovic,33,New England Revolution,Defender,"Leawood, KS",17
Jonathan Sirois,19,Montreal Impact,Goalkeeper,"Saint-Hubert, QC",3
Pablo Sisniega,25,Los Angeles Football Club,Goalkeeper,"Mexico City, Mexico, International",9
Axel Sjöberg,29,D.C. United,Defender,"Stockholm, Sweden, International",13
Jack Skahan,22,San Jose Earthquakes,Midfielder,"Memphis, TN",6
Jorgen Skjelvik,29,LA Galaxy,Defender,"Memphis, TN",13
Gabriel Slonina,16,Chicago Fire FC,Goalkeeper,"Memphis, TN",0
Nicholas Slonina,19,Chicago Fire FC,Defender,"Addison, IL",3
Graham Smith,25,Sporting Kansas City,Defender,"Highlands Ranch, CO",9
Kyle Smith,28,Orlando City SC,Defender,"Cincinnati, OH",12
Brad Smith,26,Seattle Sounders FC,Defender,"Penrith, Australia, International",10
Erik Sorga,21,D.C. United,Forward,"Penrith, Australia, International",5
Dayne St. Clair,23,Minnesota United FC,Goalkeeper,"Pickering, ON",7
Mason Stajduhar,23,Orlando City SC,Goalkeeper,"Pickering, ON",7
Caleb Stanko,27,FC Cincinnati,Midfielder,"Holly, MI",11
Daniel Steres,30,LA Galaxy,Defender,"Calabasas, CA",14
Luka Stojanovic,26,Chicago Fire FC,Midfielder,"Belgrade, Serbia, International",10
Jared Stroud,24,New York Red Bulls,Midfielder,"Chester, NJ",8
Aljaz Struna,30,Houston Dynamo FC,Defender,"Piran, Slovenia, International",14
Brad Stuver,29,New York City FC,Goalkeeper,"Twinsburg, OH",13
Beckham Sunderland,17,FC Cincinnati,Goalkeeper,"Twinsburg, OH",1
Gustav Svensson,33,Seattle Sounders FC,Midfielder,"Gothenburg, Sweden, International",17
Ben Sweat,29,Inter Miami CF,Defender,"Palm Harbor, FL",13
Ballou Jean-Yves Tabla,21,Montreal Impact,Midfielder,"Abidjan, Ivory Coast, International",5
Ismael Tajouri-Shradi,26,New York City FC,Midfielder,"Bern, Switzerland, International",10
Andrew Tarbell,27,Columbus Crew SC,Goalkeeper,"Mandeville, LA",11
Amro Tarek,28,New York Red Bulls,Defender,"Asyut, Egypt, International",12
Russell Teibert,27,Vancouver Whitecaps FC,Midfielder,"Niagara Falls, ON",11
Ruan,25,Orlando City SC,Defender,"Rio de Janeiro, Brazil, International",9
Carlos Teran,20,Chicago Fire FC,Defender,"Turbo, Colombia, International",4
Tanner Tessmann,19,FC Dallas,Midfielder,"Hoover, AL",3
Samuel Tetteh,24,New York Red Bulls,Forward,"Accra, Ghana, International",8
Tommy Thompson,25,San Jose Earthquakes,Defender,"Loomis, CA",9
Gudmundur Thórarinsson,28,New York City FC,Defender,"Selfoss, Iceland, International",12
Anton Tinnerholm,29,New York City FC,Defender,"Selfoss, Iceland, International",13
Donny Toia,28,Real Salt Lake,Defender,"Tucson, AZ",12
John Tolkin,18,New York Red Bulls,Defender,"Tucson, AZ",2
Nouhou Tolo,23,Seattle Sounders FC,Defender,"Douala, Cameroon, International",7
Roman Torres,34,Seattle Sounders FC,Defender,"Douala, Cameroon, International",18
Erick Torres,27,Atlanta United FC,Forward,"Douala, Cameroon, International",11
Christian Torres,16,Los Angeles Football Club,Forward,"Douala, Cameroon, International",0
Juan Pablo Torres,21,New York City FC,Midfielder,"Lilburn, GA",5
Mason Toye,22,Montreal Impact,Forward,"South Orange, NJ",6
Diedie Traore,21,LA Galaxy,Defender,"South Orange, NJ",5
Mohamed Traore,18,Los Angeles Football Club,Defender,"Dakar, Senegal, International",2
Wil Trapp,27,Inter Miami CF,Midfielder,"Dakar, Senegal, International",11
Ken Tribbett,28,Nashville SC,Defender,"Centennial, CO",12
Auston Trusty,22,Colorado Rapids,Defender,"Centennial, CO",6
Bill Tuiloma,25,Portland Timbers,Defender,"Otahuhu, New Zealand, International",9
Cole Turner,19,Philadelphia Union,Midfielder,"Churchville, MD",3
Matt Turner,26,New England Revolution,Goalkeeper,"Park Ridge, NJ",10
Ema Twumasi,23,FC Dallas,Forward,"Accra, Ghana, International",7
Przemyslaw Tyton,33,FC Cincinnati,Goalkeeper,"Zamość, Poland, International",17
Victor Ulloa,28,Inter Miami CF,Midfielder,"Wylie, TX",12
Denso Ulysse,22,Inter Miami CF,Defender,"Wylie, TX",6
Maximiliano Urruti,29,Montreal Impact,Forward,"Wylie, TX",13
Zarek Valentin,29,Houston Dynamo FC,Defender,"Lancaster, PA",13
Milton Valenzuela,22,Columbus Crew SC,Defender,"Rosario, Argentina, International",6
Diego Valeri,34,Portland Timbers,Midfielder,"Rosario, Argentina, International",18
Florian Valot,27,New York Red Bulls,Midfielder,"Pau, France, International",11
Maikel van der Werff,31,FC Cincinnati,Defender,"Hoorn, Netherlands, International",15
Brandon Vazquez,22,FC Cincinnati,Forward,"Hoorn, Netherlands, International",6
Julian Vazquez,19,Real Salt Lake,Forward,"Nibley, UT",3
Daniel Vega,36,San Jose Earthquakes,Goalkeeper,"Cutral Co, Argentina, International",20
Carlos Vela,31,Los Angeles Football Club,Forward,"Cancun, Mexico, International",15
Matias Vera,25,Houston Dynamo FC,Midfielder,"Merlo, Argentina, International",9
Collin Verfuth,24,New England Revolution,Defender,"Ashburn, VA",8
Kenneth Vermeer,34,Los Angeles Football Club,Goalkeeper,"Ashburn, VA",18
Ranko Veselinovic,21,Vancouver Whitecaps FC,Defender,"Novi Sad, Serbia, International",5
Jorge Villafaña,31,Portland Timbers,Defender,"Anaheim, CA",15
Sam Vines,21,Colorado Rapids,Defender,"Colorado Springs, CO",5
Will Vint,19,Colorado Rapids,Midfielder,"Colorado Springs, CO",3
Justin Vom Steeg,23,LA Galaxy,Goalkeeper,"Colorado Springs, CO",7
Kai Wagner,23,Philadelphia Union,Defender,"Ulm, Germany, International",7
Anton Walkes,23,Atlanta United FC,Defender,"Ulm, Germany, International",7
Casey Walls,17,San Jose Earthquakes,Defender,"Mill Valley, CA",1
Wan Kuzain Wan Kamal,22,Sporting Kansas City,Midfielder,"Carbondale, IL",6
Victor Wanyama,29,Montreal Impact,Midfielder,"Carbondale, IL",13
Collen Warner,32,Colorado Rapids,Midfielder,"Carbondale, IL",16
Taylor Washington,27,Nashville SC,Defender,"Somers, NY",11
Joel Waterman,24,Montreal Impact,Defender,"Somers, NY",8
Quentin Westberg,34,Toronto FC,Goalkeeper,"Somers, NY",18
Brian White,24,New York Red Bulls,Forward,"Flemington, NJ",8
Gordon Wild,25,LA Galaxy,Midfielder,"Leonberg, Germany, International",9
Josh Williams,32,Columbus Crew SC,Defender,"Leonberg, Germany, International",16
JJ Williams,22,Atlanta United FC,Forward,"Montgomery, AL",6
Eryk Williamson,23,Portland Timbers,Midfielder,"Montgomery, AL",7
Joe Willis,32,Nashville SC,Goalkeeper,"Montgomery, AL",16
Danny Wilson,28,Colorado Rapids,Defender,"Montgomery, AL",12
Alan Winn,24,Nashville SC,Forward,"Garland, TX",8
Tyler Wolff,17,Atlanta United FC,Midfielder,"Braselton, GA",1
Chris Wondolowski,37,San Jose Earthquakes,Forward,"Danville, CA",21
Andrew Wooten,31,Philadelphia Union,Forward,"Bamberg, Germany, International",15
Vito Wormgoor,32,Columbus Crew SC,Defender,"Leersum, Netherlands, International",16
Bradley Wright-Phillips,35,Los Angeles Football Club,Forward,"Leersum, Netherlands, International",19
Laurence Wyke,24,Atlanta United FC,Midfielder,"Bolton, England, International",8
Deklan Wynne,25,Colorado Rapids,Defender,"Auckland, New Zealand, International",9
Karifa Yao,20,Montreal Impact,Defender,"Laval, QC",4
William Yarbrough,31,Colorado Rapids,Goalkeeper,"Laval, QC",15
Dru Yearwood,20,New York Red Bulls,Midfielder,"Harlow, England, International",4
Griffin Yow,18,D.C. United,Forward,"Harlow, England, International",2
Jackson Yueill,23,San Jose Earthquakes,Midfielder,"Bloomington, MN",7
Wilfried Zahibo,27,Houston Dynamo FC,Midfielder,"Marseille, France, International",11
Renzo Zambrano,26,Portland Timbers,Midfielder,"Marseille, France, International",10
Gyasi Zardes,29,Columbus Crew SC,Forward,"Marseille, France, International",13
Eriq Zavaleta,28,Toronto FC,Defender,"Westfield, IN",12
Gedion Zelalem,23,New York City FC,Midfielder,"Berlin, Germany, International",7
Lucas Zelarayan,28,Columbus Crew SC,Midfielder,"Cordoba, Argentina, International",12
Adrian Zendejas,25,Minnesota United FC,Goalkeeper,"Chula Vista, CA",9
Reto Ziegler,34,FC Dallas,Defender,"Geneva, Switzerland, International",18
Walker Zimmerman,27,Nashville SC,Defender,"Lawrenceville, GA",11
Kyle Zobeck,30,FC Dallas,Goalkeeper,"Coralville, IA",14
Ethan Zubak,22,LA Galaxy,Forward,"Coralville, IA",6
Dario Zuparic,28,Portland Timbers,Defender,"Coralville, IA",12
Graham Zusi,34,Sporting Kansas City,Defender,"Longwood, FL",18